{
    "Seattle": {
        "station": "GHCND:USW00093814",
        "state": "WA",
        "total_monthly_precipitation": {
            "1": 512,
            "2": 588,
            "3": 889,
            "4": 491,
            "5": 1320,
            "6": 1764,
            "7": 614,
            "8": 290,
            "9": 145,
            "10": 377,
            "11": 1762,
            "12": 435
        },
        "total_yearly_precipitation": 9187,
        "relative_monthly_precipitation": {
            "1": 0.05573092413192555,
            "2": 0.06400348318275824,
            "3": 0.09676717100250354,
            "4": 0.05344508544682704,
            "5": 0.14368128877762054,
            "6": 0.19201044954827473,
            "7": 0.06683356917383258,
            "8": 0.03156634374659845,
            "9": 0.015783171873299227,
            "10": 0.04103624687057799,
            "11": 0.1917927506258844,
            "12": 0.047349515619897684
        }
    }
}